date,tv,paid_search,paid_social,display,price_index,promo,revenue
2023-01-02,72998.0,18108.0,31407.0,13658.0,0.984,0,356175.0
2023-01-09,72998.0,23392.0,35239.0,7602.0,0.913,1,416763.0
2023-01-16,72998.0,20915.0,31947.0,7754.0,1.0028,0,425179.0
2023-01-23,72998.0,16992.0,29116.0,7307.0,1.0351,0,402727.0
2023-01-30,0.0,19540.0,27483.0,5607.0,1.0225,0,375632.0
2023-02-06,0.0,18544.0,29377.0,8806.0,1.0147,0,365626.0
2023-02-13,0.0,17013.0,25860.0,11947.0,0.9457,1,407672.0
2023-02-20,0.0,18757.0,27674.0,11386.0,1.0416,0,357195.0
2023-02-27,0.0,17258.0,29097.0,6760.0,1.021,0,366027.0
2023-03-06,0.0,18725.0,26342.0,6232.0,1.0216,0,338593.0
2023-03-13,0.0,20268.0,25369.0,7893.0,0.959,1,383584.0
2023-03-20,0.0,16039.0,23082.0,11914.0,1.0331,0,325052.0
2023-03-27,0.0,17797.0,24795.0,9393.0,1.0359,0,335354.0
2023-04-03,0.0,9148.0,24380.0,13309.0,1.0247,0,355880.0
2023-04-10,0.0,10329.0,25321.0,10907.0,1.0492,0,328820.0
2023-04-17,0.0,7700.0,25936.0,10588.0,1.047,0,303287.0
2023-04-24,0.0,8916.0,22675.0,11909.0,1.035,0,313393.0
2023-05-01,0.0,9682.0,20015.0,11752.0,1.0353,0,320212.0
2023-05-08,89503.0,11872.0,17456.0,8095.0,1.007,0,388616.0
2023-05-15,89503.0,12365.0,19734.0,7313.0,1.0321,0,388665.0
2023-05-22,89503.0,7428.0,19480.0,8939.0,1.0219,0,371553.0
2023-05-29,89503.0,8485.0,18505.0,9403.0,1.026,0,402696.0
2023-06-05,0.0,11368.0,19220.0,6276.0,1.0261,0,391299.0
2023-06-12,0.0,6090.0,16529.0,8972.0,0.9332,1,381841.0
2023-06-19,0.0,9148.0,18725.0,10758.0,0.9968,0,371978.0
2023-06-26,0.0,9880.0,17587.0,6221.0,1.0144,0,345536.0
2023-07-03,0.0,29115.0,17855.0,6242.0,1.0001,0,384839.0
2023-07-10,0.0,27980.0,14577.0,6563.0,0.9209,1,373378.0
2023-07-17,0.0,25947.0,16487.0,7550.0,0.9949,0,372751.0
2023-07-24,0.0,25864.0,15925.0,13655.0,0.9942,0,388438.0
2023-07-31,54689.0,26101.0,17970.0,5232.0,0.9712,0,401025.0
2023-08-07,54689.0,29648.0,16373.0,6654.0,1.0032,0,407011.0
2023-08-14,54689.0,25745.0,15998.0,6485.0,0.9905,0,411774.0
2023-08-21,54689.0,25994.0,15674.0,9269.0,0.9961,0,439653.0
2023-08-28,0.0,27306.0,19014.0,5136.0,1.002,0,378283.0
2023-09-04,0.0,26359.0,15796.0,9124.0,0.9798,0,374174.0
2023-09-11,52210.0,26206.0,15855.0,6466.0,0.8793,1,424087.0
2023-09-18,52210.0,24373.0,17925.0,7427.0,0.9663,0,408600.0
2023-09-25,52210.0,26578.0,13724.0,12132.0,0.9615,0,393714.0
2023-10-02,52210.0,14202.0,15245.0,6657.0,0.9671,0,383949.0
2023-10-09,0.0,17421.0,16335.0,0.0,0.8919,1,377987.0
2023-10-16,0.0,16395.0,18046.0,0.0,0.9503,0,342909.0
2023-10-23,72564.0,15041.0,16866.0,0.0,0.9735,0,357072.0
2023-10-30,72564.0,16426.0,16335.0,0.0,0.955,0,360991.0
2023-11-06,72564.0,14409.0,14276.0,0.0,0.9734,0,375582.0
2023-11-13,72564.0,17193.0,9778.0,0.0,0.9701,0,393864.0
2023-11-20,0.0,15078.0,6300.0,0.0,0.9692,0,330113.0
2023-11-27,0.0,16256.0,8269.0,0.0,0.8931,1,349935.0
2023-12-04,46977.0,12507.0,9356.0,0.0,0.9702,0,342381.0
2023-12-11,46977.0,15783.0,5869.0,0.0,0.9716,0,327369.0
2023-12-18,46977.0,11713.0,9332.0,0.0,0.9632,0,345940.0
2023-12-25,46977.0,11019.0,7078.0,0.0,0.9824,0,323342.0
2024-01-01,0.0,16743.0,9553.0,6924.0,0.9239,1,382933.0
2024-01-08,0.0,15552.0,7152.0,13580.0,1.0083,0,359616.0
2024-01-15,0.0,17680.0,7341.0,12976.0,1.0048,0,353298.0
2024-01-22,0.0,21841.0,6031.0,6029.0,1.0019,0,321102.0
2024-01-29,0.0,15689.0,11572.0,7837.0,0.9914,0,330817.0
2024-02-05,0.0,14104.0,8470.0,5292.0,1.0159,0,308795.0
2024-02-12,0.0,15763.0,11778.0,12479.0,1.0043,0,319147.0
2024-02-19,0.0,16338.0,8684.0,13236.0,1.0074,0,339623.0
2024-02-26,46606.0,4500.0,8649.0,13908.0,0.9283,1,313179.0
2024-03-04,46606.0,4482.0,6510.0,10507.0,1.0152,0,330501.0
2024-03-11,46606.0,5027.0,7622.0,10994.0,1.0127,0,326856.0
2024-03-18,46606.0,4918.0,10984.0,11106.0,1.0189,0,359254.0
2024-03-25,0.0,3985.0,6106.0,10131.0,1.0112,0,315780.0
2024-04-01,0.0,8234.0,9427.0,13572.0,0.9405,1,333574.0
2024-04-08,68170.0,27677.0,8315.0,10471.0,1.0488,0,387712.0
2024-04-15,68170.0,25498.0,4654.0,8022.0,0.9468,1,433677.0
2024-04-22,68170.0,28126.0,7534.0,9616.0,1.0263,0,411682.0
2024-04-29,68170.0,25891.0,9350.0,5168.0,1.0348,0,423199.0
2024-05-06,0.0,29551.0,9408.0,11517.0,1.037,0,390502.0
2024-05-13,0.0,27992.0,9604.0,11245.0,1.0188,0,351128.0
2024-05-20,65979.0,27785.0,9622.0,8789.0,1.0276,0,416533.0
2024-05-27,65979.0,26425.0,7270.0,12663.0,1.0382,0,420918.0
2024-06-03,65979.0,27369.0,6487.0,11800.0,1.0307,0,419632.0
2024-06-10,65979.0,23611.0,6019.0,8030.0,0.9478,1,443302.0
2024-06-17,0.0,25344.0,7981.0,5697.0,1.0405,0,409016.0
2024-06-24,0.0,28332.0,8085.0,6190.0,1.0161,0,376072.0
2024-07-01,86273.0,15939.0,4144.0,6658.0,1.0215,0,378581.0
2024-07-08,86273.0,21889.0,6229.0,7735.0,1.0129,0,413819.0
2024-07-15,86273.0,16704.0,6675.0,9028.0,1.0302,0,432363.0
2024-07-22,86273.0,21709.0,6585.0,13352.0,0.9928,0,412533.0
2024-07-29,0.0,18505.0,9324.0,7506.0,1.0026,0,420242.0
2024-08-05,0.0,21754.0,9102.0,13087.0,1.0007,0,375964.0
2024-08-12,73315.0,20458.0,11460.0,11124.0,1.0094,0,387300.0
2024-08-19,73315.0,17122.0,7576.0,12681.0,1.0055,0,421821.0
2024-08-26,73315.0,22694.0,7145.0,8629.0,1.01,0,410459.0
2024-09-02,73315.0,23079.0,8107.0,5029.0,0.9771,0,398532.0
2024-09-09,0.0,20064.0,8474.0,12083.0,0.9971,0,378663.0
2024-09-16,0.0,19648.0,11587.0,7209.0,0.9836,0,378993.0
2024-09-23,0.0,19876.0,11276.0,6282.0,0.977,0,368738.0
2024-09-30,0.0,24993.0,12545.0,12195.0,0.9864,0,342651.0
2024-10-07,0.0,31140.0,11828.0,11177.0,0.9693,0,354640.0
2024-10-14,0.0,27857.0,9968.0,6912.0,0.9556,0,349066.0
2024-10-21,0.0,28841.0,11199.0,7408.0,0.9707,0,323072.0
2024-10-28,0.0,27356.0,11495.0,13453.0,0.9579,0,337364.0
2024-11-04,0.0,27691.0,14669.0,7417.0,0.9651,0,333433.0
2024-11-11,0.0,26388.0,12539.0,11322.0,0.9744,0,322412.0
2024-11-18,0.0,31457.0,13769.0,6166.0,0.9733,0,327970.0
2024-11-25,0.0,28635.0,10550.0,12335.0,0.9859,0,330889.0
2024-12-02,0.0,30875.0,13348.0,6058.0,0.9682,0,336887.0
2024-12-09,0.0,28970.0,12672.0,9644.0,0.9554,0,330682.0
2024-12-16,68135.0,27554.0,12193.0,5317.0,0.8841,1,392503.0
2024-12-23,68135.0,28290.0,14895.0,9951.0,0.9638,0,417893.0
2024-12-30,68135.0,23674.0,16227.0,12620.0,0.9624,0,417192.0
2025-01-06,68135.0,24810.0,10950.0,5760.0,0.9009,1,453857.0
2025-01-13,0.0,24044.0,11525.0,7468.0,0.9723,0,410710.0
2025-01-20,0.0,24194.0,13090.0,11882.0,0.9614,0,390193.0
2025-01-27,67359.0,22037.0,12040.0,10473.0,0.9909,0,430315.0
2025-02-03,67359.0,21181.0,14031.0,7815.0,0.9057,1,424736.0
2025-02-10,67359.0,26102.0,11985.0,0.0,0.9934,0,430425.0
2025-02-17,67359.0,21452.0,12246.0,0.0,0.9941,0,411610.0
2025-02-24,0.0,20686.0,12291.0,0.0,1.0027,0,417225.0
2025-03-03,0.0,23469.0,10000.0,0.0,0.9201,1,424340.0
2025-03-10,56138.0,25609.0,10758.0,0.0,0.9354,1,387366.0
2025-03-17,56138.0,19886.0,9713.0,0.0,1.0105,0,378283.0
2025-03-24,56138.0,22377.0,8427.0,0.0,1.0134,0,409077.0
2025-03-31,56138.0,23571.0,8185.0,0.0,1.0167,0,415303.0
2025-04-07,0.0,21313.0,15559.0,11524.0,1.001,0,407750.0
2025-04-14,0.0,26305.0,11910.0,11286.0,1.0166,0,382700.0
2025-04-21,45531.0,24789.0,12035.0,8487.0,1.0182,0,402575.0
2025-04-28,45531.0,24978.0,11852.0,5238.0,1.0252,0,412224.0
2025-05-05,45531.0,23331.0,12136.0,13666.0,1.0115,0,408688.0
2025-05-12,45531.0,25745.0,10778.0,11422.0,1.0431,0,425453.0
2025-05-19,0.0,23757.0,14119.0,6843.0,1.0291,0,360106.0
2025-05-26,0.0,24550.0,12117.0,11577.0,1.017,0,392796.0
2025-06-02,53658.0,22619.0,11030.0,7508.0,1.0126,0,383950.0
2025-06-09,53658.0,22403.0,11604.0,9224.0,1.0272,0,424102.0
2025-06-16,53658.0,27506.0,9866.0,12739.0,1.029,0,417881.0
2025-06-23,53658.0,23821.0,13372.0,9033.0,1.0222,0,413290.0
2025-06-30,0.0,3724.0,11985.0,7592.0,1.0295,0,358988.0
2025-07-07,0.0,3529.0,7985.0,7749.0,1.021,0,311421.0
2025-07-14,0.0,3284.0,8877.0,5693.0,1.0314,0,296181.0
2025-07-21,0.0,3244.0,9343.0,6976.0,1.0168,0,281550.0
2025-07-28,0.0,3927.0,13260.0,7440.0,1.0215,0,305584.0
2025-08-04,0.0,3368.0,8773.0,6557.0,0.9493,1,327021.0
2025-08-11,0.0,11527.0,14104.0,5568.0,1.0426,0,335757.0
2025-08-18,0.0,11874.0,12364.0,9192.0,1.0039,0,324605.0
2025-08-25,76141.0,14183.0,17881.0,6930.0,1.0063,0,392679.0
2025-09-01,76141.0,13191.0,14468.0,11649.0,0.9994,0,395891.0
2025-09-08,76141.0,12595.0,14945.0,13303.0,0.9324,1,426718.0
2025-09-15,76141.0,10703.0,11490.0,7457.0,0.9898,0,407996.0
2025-09-22,0.0,9066.0,12333.0,10150.0,0.9131,1,407555.0
2025-09-29,0.0,22722.0,17653.0,9561.0,0.9943,0,376724.0
2025-10-06,54027.0,24756.0,17956.0,5676.0,0.9016,1,422987.0
2025-10-13,54027.0,22541.0,14992.0,6124.0,0.9787,0,399532.0
2025-10-20,54027.0,23907.0,13263.0,12963.0,0.9805,0,405526.0
2025-10-27,54027.0,24386.0,11123.0,9267.0,0.9614,0,391564.0
2025-11-03,0.0,24485.0,13724.0,12241.0,0.9654,0,398998.0
2025-11-10,0.0,24666.0,14021.0,5599.0,0.8934,1,385455.0
2025-11-17,0.0,21912.0,14199.0,10353.0,0.9769,0,359897.0
2025-11-24,0.0,25853.0,14541.0,12788.0,0.9718,0,341266.0
2025-12-01,0.0,20330.0,12640.0,12804.0,0.8745,1,374223.0
2025-12-08,0.0,24546.0,14175.0,5052.0,0.9665,0,349844.0
2025-12-15,0.0,23811.0,14464.0,9695.0,0.9784,0,336587.0
2025-12-22,0.0,24570.0,16358.0,8321.0,0.9756,0,377350.0
