date,tv,paid_search,paid_social,display
2023-01-02,38983.0,58942.0,41008.0,6944.0
2023-01-09,61405.0,71865.0,52157.0,6285.0
2023-01-16,74115.0,69167.0,53217.0,6139.0
2023-01-23,81517.0,61596.0,52000.0,5967.0
2023-01-30,57368.0,65785.0,50541.0,5265.0
2023-02-06,38675.0,64315.0,51201.0,6275.0
2023-02-13,25544.0,61063.0,49161.0,6990.0
2023-02-20,16718.0,64264.0,49643.0,7013.0
2023-02-27,9628.0,61573.0,50723.0,6071.0
2023-03-06,4989.0,64249.0,49301.0,5558.0
2023-03-13,1966.0,67320.0,48088.0,6048.0
2023-03-20,0.0,59308.0,45900.0,6966.0
2023-03-27,0.0,62194.0,46449.0,6700.0
2023-04-03,0.0,40169.0,46317.0,7176.0
2023-04-10,0.0,41191.0,46995.0,6996.0
2023-04-17,0.0,32802.0,47683.0,6907.0
2023-04-24,0.0,35981.0,45419.0,7060.0
2023-05-01,0.0,38758.0,42264.0,7070.0
2023-05-08,47138.0,45669.0,38585.0,6461.0
2023-05-15,72711.0,47724.0,39512.0,6047.0
2023-05-22,86332.0,32632.0,39582.0,6416.0
2023-05-29,93895.0,34544.0,38638.0,6583.0
2023-06-05,68238.0,43808.0,39021.0,5728.0
2023-06-12,46777.0,27542.0,36386.0,6378.0
2023-06-19,31135.0,36241.0,37749.0,6830.0
2023-06-26,20447.0,39409.0,37041.0,5805.0
2023-07-03,11795.0,77924.0,37072.0,5497.0
2023-07-10,6115.0,78705.0,33505.0,5563.0
2023-07-17,2410.0,76711.0,34367.0,5937.0
2023-07-24,0.0,76403.0,34038.0,7153.0
2023-07-31,29567.0,76635.0,36168.0,5629.0
2023-08-07,47492.0,80090.0,35176.0,5625.0
2023-08-14,58257.0,76659.0,34406.0,5557.0
2023-08-21,64817.0,76542.0,33770.0,6430.0
2023-08-28,44180.0,77918.0,37184.0,5198.0
2023-09-04,29328.0,77070.0,34912.0,6352.0
2023-09-11,46148.0,76817.0,34153.0,5725.0
2023-09-18,56322.0,74655.0,36159.0,5924.0
2023-09-25,61802.0,76993.0,32177.0,6984.0
2023-10-02,65235.0,56699.0,32497.0,6025.0
2023-10-09,43638.0,61174.0,33852.0,1620.0
2023-10-16,28038.0,59388.0,36189.0,329.0
2023-10-23,55022.0,56079.0,35719.0,66.0
2023-10-30,70296.0,58953.0,34974.0,13.0
2023-11-06,78502.0,54491.0,32375.0,3.0
2023-11-13,83420.0,60493.0,25860.0,1.0
2023-11-20,58222.0,56288.0,18652.0,0.0
2023-11-27,38458.0,58591.0,18795.0,0.0
2023-12-04,49179.0,49503.0,20359.0,0.0
2023-12-11,55799.0,56889.0,15994.0,0.0
2023-12-18,58913.0,47091.0,19367.0,0.0
2023-12-25,60898.0,43981.0,17365.0,0.0
2024-01-01,40104.0,58653.0,20141.0,5012.0
2024-01-08,25296.0,57209.0,17749.0,7101.0
2024-01-15,16554.0,61762.0,17170.0,7196.0
2024-01-22,10791.0,69722.0,15083.0,5951.0
2024-01-29,6202.0,58851.0,22147.0,6097.0
2024-02-05,3211.0,53718.0,20312.0,5158.0
2024-02-12,1265.0,57218.0,24154.0,6980.0
2024-02-19,0.0,58864.0,21328.0,7200.0
2024-02-26,25307.0,23925.0,20267.0,7281.0
2024-03-04,40941.0,19552.0,16882.0,6980.0
2024-03-11,50530.0,21122.0,17266.0,6960.0
2024-03-18,56472.0,20877.0,22072.0,6971.0
2024-03-25,38025.0,17390.0,16962.0,6831.0
2024-04-01,25101.0,32271.0,19831.0,7211.0
2024-04-08,51295.0,76151.0,19274.0,6950.0
2024-04-15,66354.0,75930.0,13841.0,6396.0
2024-04-22,74578.0,78668.0,16085.0,6624.0
2024-04-29,79543.0,76645.0,19426.0,5292.0
2024-05-06,55054.0,80008.0,20651.0,6850.0
2024-05-13,36245.0,78928.0,21343.0,6970.0
2024-05-20,56713.0,78618.0,21611.0,6580.0
2024-05-27,68598.0,77216.0,18444.0,7102.0
2024-06-03,74826.0,78044.0,16194.0,7083.0
2024-06-10,78649.0,73835.0,14721.0,6452.0
2024-06-17,54000.0,75529.0,17028.0,5453.0
2024-06-24,35133.0,78830.0,17972.0,5400.0
2024-07-01,65003.0,61000.0,12618.0,5582.0
2024-07-08,81043.0,69741.0,13772.0,6001.0
2024-07-15,89270.0,61066.0,14822.0,6431.0
2024-07-22,94075.0,69460.0,15058.0,7157.0
2024-07-29,67539.0,64650.0,19041.0,6358.0
2024-08-05,45218.0,69814.0,20095.0,7126.0
2024-08-12,65055.0,68189.0,23660.0,7010.0
2024-08-19,76338.0,61743.0,19618.0,7156.0
2024-08-26,81993.0,71032.0,17554.0,6616.0
2024-09-02,85447.0,72347.0,18187.0,5226.0
2024-09-09,59480.0,67810.0,18923.0,6930.0
2024-09-16,38834.0,66574.0,23437.0,6169.0
2024-09-23,25653.0,66853.0,24553.0,5604.0
2024-09-30,16790.0,74546.0,26584.0,6970.0
2024-10-07,9670.0,81146.0,26365.0,6982.0
2024-10-14,5010.0,78933.0,23859.0,6103.0
2024-10-21,1974.0,79589.0,24599.0,5992.0
2024-10-28,0.0,78273.0,25243.0,7137.0
2024-11-04,0.0,78462.0,29474.0,6324.0
2024-11-11,0.0,77160.0,28288.0,6910.0
2024-11-18,0.0,81553.0,29394.0,5822.0
2024-11-25,0.0,79685.0,25729.0,7003.0
2024-12-02,0.0,81315.0,27999.0,5833.0
2024-12-09,0.0,79947.0,27934.0,6550.0
2024-12-16,36517.0,78506.0,27307.0,5327.0
2024-12-23,57844.0,79050.0,30430.0,6561.0
2024-12-30,70136.0,74052.0,33034.0,7096.0
2025-01-06,77387.0,74906.0,27614.0,5784.0
2025-01-13,53975.0,74030.0,26340.0,5949.0
2025-01-20,36227.0,74133.0,27884.0,6953.0
2025-01-27,57327.0,71166.0,27094.0,6880.0
2025-02-03,69521.0,69518.0,29308.0,6318.0
2025-02-10,75911.0,76062.0,27533.0,1787.0
2025-02-17,79823.0,70525.0,27232.0,364.0
2025-02-24,54970.0,68645.0,27182.0,73.0
2025-03-03,35834.0,72679.0,24197.0,15.0
2025-03-10,51928.0,75739.0,24133.0,3.0
2025-03-17,61581.0,67957.0,22715.0,1.0
2025-03-24,66578.0,71051.0,20454.0,0.0
2025-03-31,69706.0,73028.0,19312.0,0.0
2025-04-07,46869.0,69933.0,28678.0,6573.0
2025-04-14,30080.0,76322.0,27212.0,6934.0
2025-04-21,43333.0,75111.0,26851.0,6502.0
2025-04-28,51500.0,75213.0,26491.0,5273.0
2025-05-05,55775.0,73123.0,26728.0,7122.0
2025-05-12,58486.0,75934.0,25056.0,7045.0
2025-05-19,38588.0,73770.0,28736.0,6113.0
2025-05-26,24535.0,74558.0,27496.0,6925.0
2025-06-02,43969.0,72061.0,25658.0,6252.0
2025-06-09,55661.0,71479.0,25752.0,6516.0
2025-06-16,62150.0,77719.0,23500.0,7104.0
2025-06-23,66186.0,74065.0,27282.0,6676.0
2025-06-30,44504.0,24281.0,26812.0,6191.0
2025-07-07,28792.0,16030.0,21349.0,6118.0
2025-07-14,18880.0,14260.0,20589.0,5345.0
2025-07-21,12318.0,13930.0,20964.0,5696.0
2025-07-28,7083.0,16476.0,26302.0,5923.0
2025-08-04,3668.0,14623.0,22232.0,5650.0
2025-08-11,1445.0,42615.0,27790.0,5166.0
2025-08-18,0.0,46035.0,27472.0,6366.0
2025-08-25,40562.0,52646.0,33960.0,5895.0
2025-09-01,63652.0,50683.0,32229.0,6916.0
2025-09-08,76596.0,48864.0,32168.0,7198.0
2025-09-15,84068.0,43227.0,27964.0,6370.0
2025-09-22,59516.0,37527.0,27494.0,6723.0
2025-09-29,40244.0,69671.0,33710.0,6673.0
2025-10-06,53585.0,74459.0,36045.0,5529.0
2025-10-13,61666.0,71938.0,33593.0,5387.0
2025-10-20,65628.0,73559.0,30668.0,7052.0
2025-10-27,68129.0,74331.0,26937.0,6702.0
2025-11-03,45513.0,74531.0,28876.0,7070.0
2025-11-10,28984.0,74776.0,29904.0,5707.0
2025-11-17,19008.0,71056.0,30473.0,6682.0
2025-11-24,12402.0,75891.0,31078.0,7125.0
2025-12-01,7131.0,68721.0,28989.0,7185.0
2025-12-08,3693.0,74118.0,30128.0,5586.0
2025-12-15,1455.0,73645.0,30868.0,6532.0
2025-12-22,0.0,74571.0,33331.0,6352.0
