date,actual,tv,paid_search,paid_social,display,intercept,seasonality,price_index,promo,trend,fitted
2023-01-02,356175.0,38452.48,73587.01,36085.54,6713.98,218713.03,-10581.91,832.53,0.0,0.0,363802.66
2023-01-09,416763.0,58273.18,84957.97,44061.54,5354.07,218713.03,-7406.88,13951.23,9024.82,148.72,427077.68
2023-01-16,425179.0,68601.6,83015.64,45032.54,5259.61,218713.03,-4331.28,-2641.15,0.0,297.45,413947.44
2023-01-23,402727.0,74292.11,76646.02,44326.27,5052.99,218713.03,-1458.78,-8609.24,0.0,446.17,409408.58
2023-01-30,375632.0,51846.9,80287.52,43443.67,4228.33,218713.03,1125.26,-6281.13,0.0,594.89,393958.47
2023-02-06,365626.0,34048.31,79016.62,44202.48,5529.85,218713.03,3357.49,-4839.92,0.0,743.62,380771.47
2023-02-13,407672.0,21749.61,76135.27,42592.36,6921.75,218713.03,5199.05,7909.24,9024.82,892.34,389137.47
2023-02-20,357195.0,13750.81,78963.21,43133.77,6973.12,218713.03,6636.48,-9810.24,0.0,1041.06,359401.23
2023-02-27,366027.0,7720.78,76578.35,43938.19,5194.06,218713.03,7681.13,-6003.97,0.0,1189.79,355011.34
2023-03-06,338593.0,3911.7,78947.55,42710.89,4608.6,218713.03,8367.2,-6114.84,0.0,1338.51,352482.64
2023-03-13,383584.0,1512.15,81541.12,41807.76,5221.31,218713.03,8748.32,5451.79,9024.82,1487.24,373507.52
2023-03-20,325052.0,0.0,74514.41,40109.03,6875.96,218713.03,8893.17,-8239.7,0.0,1635.96,342501.86
2023-03-27,335354.0,0.0,77147.03,40645.22,6231.0,218713.03,8880.17,-8757.05,0.0,1784.68,344644.07
2023-04-03,355880.0,0.0,54238.79,40469.19,7528.38,218713.03,8791.7,-6687.62,0.0,1933.41,324986.86
2023-04-10,328820.0,0.0,55395.12,40989.05,6941.72,218713.03,8708.17,-11214.5,0.0,2082.13,321614.71
2023-04-17,303287.0,0.0,45145.78,41485.69,6742.11,218713.03,8702.27,-10808.01,0.0,2230.85,312211.72
2023-04-24,313393.0,0.0,49010.93,39629.19,7166.99,218713.03,8833.84,-8590.76,0.0,2379.58,317142.8
2023-05-01,320212.0,0.0,52311.33,37219.84,7183.88,218713.03,9145.47,-8646.19,0.0,2528.3,318455.66
2023-05-08,388616.0,46105.89,60278.17,34397.04,5830.86,218713.03,9659.41,-3417.19,0.0,2677.02,374244.24
2023-05-15,388665.0,68026.75,62574.71,35338.45,5233.48,218713.03,10375.63,-8054.93,0.0,2825.75,395032.87
2023-05-22,371553.0,78707.76,44932.01,35266.8,5787.0,218713.03,11271.42,-6170.27,0.0,2974.47,391482.22
2023-05-29,402696.0,84350.74,47287.51,34437.54,6046.33,218713.03,12302.45,-6927.83,0.0,3123.19,399332.97
2023-06-05,391299.0,61183.55,58177.25,34767.87,4762.0,218713.03,13405.18,-6946.3,0.0,3271.92,387334.48
2023-06-12,381841.0,41053.12,38363.1,32541.66,5710.46,218713.03,14500.63,10218.87,9024.82,3420.64,373546.31
2023-06-19,371978.0,26482.62,49304.74,33809.64,6537.62,218713.03,15499.12,-1532.53,0.0,3569.37,352383.6
2023-06-26,345536.0,16812.08,53057.73,33127.86,4832.05,218713.03,16305.86,-4784.49,0.0,3718.09,341782.2
2023-07-03,384839.0,9457.78,89282.55,33186.41,4526.88,218713.03,16826.94,-2142.27,0.0,3866.81,373718.14
2023-07-10,373378.0,4794.98,89929.78,30179.92,4592.46,218713.03,16975.47,12491.55,9024.82,4015.54,390717.53
2023-07-17,372751.0,1853.98,88678.78,31127.67,5038.64,218713.03,16677.35,-1181.46,0.0,4164.26,365072.24
2023-07-24,388438.0,0.0,88483.33,30768.18,7426.88,218713.03,15876.57,-1052.13,0.0,4312.98,364528.86
2023-07-31,401025.0,29400.84,88637.17,32524.57,4563.36,218713.03,14539.48,3197.59,0.0,4461.71,396037.75
2023-08-07,407011.0,45767.85,90870.39,31568.03,4688.52,218713.03,12657.84,-2715.06,0.0,4610.43,406161.02
2023-08-14,411774.0,54905.87,88663.2,30986.9,4582.73,218713.03,10250.63,-368.47,0.0,4759.15,412493.03
2023-08-21,439653.0,60176.26,88586.91,30503.54,5772.45,218713.03,7364.14,-1403.19,0.0,4907.88,414621.02
2023-08-28,378283.0,40262.93,89492.78,33355.02,4131.21,218713.03,4070.74,-2493.34,0.0,5056.6,392588.97
2023-09-04,374174.0,25896.15,88933.58,31277.79,5657.96,218713.03,466.01,1608.57,0.0,5205.32,377758.4
2023-09-11,424087.0,42836.55,88765.05,30799.95,4735.96,218713.03,-3335.4,20178.0,9024.82,5354.05,417072.0
2023-09-18,408600.0,52282.11,87269.79,32518.35,5021.52,218713.03,-7205.03,4102.97,0.0,5502.77,398205.51
2023-09-25,393714.0,57188.87,88872.54,29023.36,6918.6,218713.03,-11006.69,4989.87,0.0,5651.49,400351.07
2023-10-02,383949.0,60104.07,72120.07,29568.24,5097.4,218713.03,-14603.08,3955.15,0.0,5800.22,380755.09
2023-10-09,377987.0,39587.86,76301.48,30671.48,1234.9,218713.03,-17862.54,17849.89,9024.82,5948.94,381469.86
2023-10-16,342909.0,24765.35,74566.46,32506.83,420.72,218713.03,-20665.5,7059.3,0.0,6097.67,343463.84
2023-10-23,357072.0,51302.06,71390.06,31978.17,174.66,218713.03,-22910.44,2772.62,0.0,6246.39,359666.54
2023-10-30,360991.0,64823.41,74125.82,31408.42,79.54,218713.03,-24518.85,6190.88,0.0,6395.11,377217.35
2023-11-06,375582.0,71666.74,69790.84,29273.95,38.62,218713.03,-25439.02,2791.1,0.0,6543.84,373379.08
2023-11-13,393864.0,75556.87,75543.02,23700.36,18.17,218713.03,-25648.45,3400.84,0.0,6692.56,377976.4
2023-11-20,330113.0,52425.98,71561.22,17495.07,5.09,218713.03,-25154.69,3567.14,0.0,6841.28,345454.12
2023-11-27,349935.0,33859.47,73781.94,18153.48,0.0,218713.03,-23994.6,17628.17,9024.82,6990.01,354156.31
2023-12-04,342381.0,44945.86,64644.23,19465.48,0.0,218713.03,-22232.15,3382.37,0.0,7138.73,336057.54
2023-12-11,327369.0,51301.27,72124.24,15065.84,0.0,218713.03,-19954.74,3123.69,0.0,7287.45,347660.77
2023-12-18,345940.0,54327.47,62003.02,18536.89,0.0,218713.03,-17268.36,4675.76,0.0,7436.18,348423.99
2023-12-25,323342.0,56153.29,58551.03,16329.08,0.0,218713.03,-14291.85,1128.17,0.0,7584.9,344167.64
2024-01-01,382933.0,36366.25,73739.67,19061.85,3888.64,218713.03,-11036.9,11937.24,9024.82,7733.62,369428.21
2024-01-08,359616.0,22359.57,72397.22,16594.69,7148.11,218713.03,-7856.98,-3657.39,0.0,7882.35,333580.6
2024-01-15,353298.0,14112.18,76693.45,16244.23,7487.64,218713.03,-4760.46,-3010.69,0.0,8031.07,333510.46
2024-01-22,321102.0,8878.68,83446.03,14279.07,4969.23,218713.03,-1853.24,-2474.86,0.0,8179.8,334137.73
2024-01-29,330817.0,4973.93,74072.05,21037.25,5296.27,218713.03,776.43,-534.77,0.0,8328.52,332662.71
2024-02-05,308795.0,2518.04,69092.62,18851.69,4138.92,218713.03,3061.88,-5061.64,0.0,8477.24,319791.77
2024-02-12,319147.0,973.17,72476.05,22521.76,6934.36,218713.03,4960.67,-2918.31,0.0,8625.97,332286.7
2024-02-19,339623.0,0.0,74021.89,19704.2,7578.66,218713.03,6455.7,-3491.1,0.0,8774.69,331757.08
2024-02-26,313179.0,25240.31,33839.22,18964.47,7929.83,218713.03,7554.88,11124.25,9024.82,8923.41,341314.22
2024-03-04,330501.0,39699.62,27939.05,15857.35,6905.19,218713.03,8289.29,-4932.3,0.0,9072.14,321543.35
2024-03-11,326856.0,47994.76,29793.76,16489.51,6897.51,218713.03,8710.07,-4470.38,0.0,9220.86,333349.11
2024-03-18,359254.0,52869.93,29383.91,20907.06,6921.71,218713.03,8884.04,-5615.96,0.0,9369.58,341433.31
2024-03-25,315780.0,34768.55,24634.34,15709.04,6569.83,218713.03,8888.57,-4193.22,0.0,9518.31,314608.45
2024-04-01,333574.0,22188.09,44213.21,18836.53,7682.81,218713.03,8805.85,8870.05,9024.82,9667.03,348001.41
2024-04-08,387712.0,48052.63,88021.84,18093.8,6832.25,218713.03,8716.92,-11140.59,0.0,9815.75,387105.64
2024-04-15,433677.0,61495.64,88046.34,12890.7,5738.35,218713.03,8695.93,7705.99,9024.82,9964.48,422275.26
2024-04-22,411682.0,68410.08,89952.46,15516.52,6164.02,218713.03,8804.8,-6983.26,0.0,10113.2,410690.85
2024-04-29,423199.0,72366.72,88642.07,18478.6,4277.72,218713.03,9088.85,-8553.81,0.0,10261.93,413275.11
2024-05-06,390502.0,49684.48,90824.42,19352.75,6632.64,218713.03,9573.36,-8960.3,0.0,10410.65,396231.03
2024-05-13,351128.0,31935.0,90154.11,19910.3,6866.01,218713.03,10261.54,-5597.48,0.0,10559.37,382801.89
2024-05-20,416533.0,52240.7,89961.95,20149.01,6016.85,218713.03,11133.91,-7223.46,0.0,10708.1,401700.1
2024-05-27,420918.0,62963.73,89043.3,17182.37,7291.74,218713.03,12149.1,-9182.03,0.0,10856.82,409018.06
2024-06-03,419632.0,68347.2,89582.57,15302.26,7204.11,218713.03,13246.11,-7796.25,0.0,11005.54,415604.58
2024-06-10,443302.0,71479.87,86689.4,14062.64,5803.67,218713.03,14347.9,7521.22,9024.82,11154.27,438796.81
2024-06-17,409016.0,48693.47,87876.79,16360.23,4488.98,218713.03,15365.99,-9607.0,0.0,11302.99,393194.47
2024-06-24,376072.0,30967.01,90070.66,17035.09,4445.26,218713.03,16205.96,-5098.6,0.0,11451.71,383790.11
2024-07-01,378581.0,59944.29,76165.98,11734.94,4618.94,218713.03,16773.4,-6096.36,0.0,11600.44,393454.66
2024-07-08,413819.0,73781.96,83563.41,13309.77,5123.08,218713.03,16980.04,-4507.33,0.0,11749.16,418713.12
2024-07-15,432363.0,80474.44,76157.75,14209.48,5755.19,218713.03,16749.63,-7703.86,0.0,11897.88,416253.53
2024-07-22,412533.0,84196.02,83286.06,14326.54,7435.55,218713.03,16023.29,-793.45,0.0,12046.61,435233.65
2024-07-29,420242.0,60406.19,79315.79,18089.57,5592.17,218713.03,14763.93,-2604.2,0.0,12195.33,406471.81
2024-08-05,375964.0,39710.31,83573.11,18800.12,7374.89,218713.03,12959.57,-2253.13,0.0,12344.05,391221.94
2024-08-12,387300.0,59267.29,82283.5,22023.76,6982.67,218713.03,10625.23,-3860.64,0.0,12492.78,408527.61
2024-08-19,421821.0,69339.75,76783.94,18072.16,7462.82,218713.03,7803.36,-3140.03,0.0,12641.5,407676.53
2024-08-26,410459.0,74214.43,84508.37,16495.73,6100.62,218713.03,4562.75,-3971.5,0.0,12790.23,413413.65
2024-09-02,398532.0,77037.49,85516.5,17286.42,4237.84,218713.03,995.86,2107.45,0.0,12938.95,418833.55
2024-09-09,378663.0,53411.88,82002.06,17917.49,6841.1,218713.03,-2785.06,-1587.96,0.0,13087.67,387600.2
2024-09-16,378993.0,34186.1,80984.91,22001.1,5326.85,218713.03,-6653.17,906.44,0.0,13236.4,368701.66
2024-09-23,368738.0,21841.42,81195.76,22704.21,4643.97,218713.03,-10472.99,2125.93,0.0,13385.12,354136.44
2024-09-30,342651.0,13809.85,87118.44,24474.49,6907.83,218713.03,-14106.97,389.08,0.0,13533.84,350839.59
2024-10-07,354640.0,7754.18,91483.27,24189.8,6890.74,218713.03,-17422.23,3548.66,0.0,13682.57,348840.01
2024-10-14,349066.0,3928.67,90149.16,21997.31,5241.67,218713.03,-20297.1,6080.01,0.0,13831.29,339644.04
2024-10-21,323072.0,1518.72,90577.61,22893.69,5149.15,218713.03,-22627.15,3289.98,0.0,13980.01,333495.03
2024-10-28,337364.0,0.0,89740.62,23429.55,7404.66,218713.03,-24330.32,5655.04,0.0,14128.74,334741.32
2024-11-04,333433.0,0.0,89860.12,27093.56,5546.42,218713.03,-25350.89,4324.69,0.0,14277.46,334464.4
2024-11-11,322412.0,0.0,89003.03,25802.86,6764.33,218713.03,-25662.09,2606.33,0.0,14426.18,331653.67
2024-11-18,327970.0,0.0,91760.15,26880.01,4870.81,218713.03,-25267.19,2809.58,0.0,14574.91,334341.3
2024-11-25,330889.0,0.0,90638.33,23583.41,7012.94,218713.03,-24198.97,481.47,0.0,14723.63,330953.84
2024-12-02,336887.0,0.0,91634.8,25876.81,4861.36,218713.03,-22517.72,3751.91,0.0,14872.36,337192.54
2024-12-09,330682.0,0.0,90809.1,25671.33,6017.78,218713.03,-20307.77,6116.97,0.0,15021.08,342041.51
2024-12-16,392503.0,36102.78,89900.55,25118.49,4294.1,218713.03,-17672.77,19291.1,9024.82,15169.8,399941.9
2024-12-23,417893.0,55124.3,90240.2,27876.0,6028.87,218713.03,-14730.11,4564.9,0.0,15318.53,403135.71
2024-12-30,417192.0,65227.37,86855.5,29893.4,7235.24,218713.03,-11604.61,4823.57,0.0,15467.25,416610.76
2025-01-06,453857.0,70863.08,87448.84,25035.64,4782.43,218713.03,-8762.01,16186.96,9024.82,15615.97,438908.75
2025-01-13,410710.0,48892.79,86809.11,24339.92,5098.37,218713.03,-5630.2,2994.35,0.0,15764.7,396982.05
2025-01-20,390193.0,31919.58,86878.55,25798.67,6856.34,218713.03,-2659.04,5008.35,0.0,15913.42,388428.89
2025-01-27,430315.0,52814.62,84679.62,24965.96,6634.73,218713.03,57.74,-442.38,0.0,16062.14,403485.46
2025-02-03,424736.0,63778.53,83392.62,26935.84,5577.79,218713.03,2446.97,15300.06,9024.82,16210.87,441380.52
2025-02-10,430425.0,69275.53,88204.95,25230.72,1358.21,218713.03,4459.09,-904.31,0.0,16359.59,422696.81
2025-02-17,411610.0,72465.03,84171.92,25085.66,462.77,218713.03,6069.75,-1033.65,0.0,16508.31,422442.83
2025-02-24,417225.0,49542.36,82702.14,25055.27,189.52,218713.03,7279.81,-2622.67,0.0,16657.04,397516.49
2025-03-03,424340.0,31577.34,85786.7,22374.07,87.95,218713.03,8114.04,12639.36,9024.82,16805.76,405123.06
2025-03-10,387366.0,47781.44,87983.7,22529.4,42.68,218713.03,8618.2,9812.38,9024.82,16954.48,421460.12
2025-03-17,378283.0,56714.52,82143.25,21210.54,18.46,218713.03,8855.15,-4063.88,0.0,17103.21,400694.27
2025-03-24,409077.0,61210.78,84577.2,19187.37,5.97,218713.03,8899.81,-4599.72,0.0,17251.93,405246.37
2025-03-31,415303.0,63877.49,86044.73,18249.87,0.0,218713.03,8833.58,-5209.46,0.0,17400.66,407909.9
2025-04-07,407750.0,42414.43,83706.29,26661.91,5919.56,218713.03,8738.46,-2308.56,0.0,17549.38,401394.49
2025-04-14,382700.0,26554.35,88386.43,24804.2,6652.5,218713.03,8691.1,-5190.98,0.0,17698.1,386308.73
2025-04-21,402575.0,40073.06,87562.0,24619.43,5798.27,218713.03,8757.45,-5486.62,0.0,17846.83,397883.45
2025-04-28,412224.0,47808.14,87647.85,24380.64,4218.22,218713.03,8987.94,-6780.01,0.0,17995.55,402971.37
2025-05-05,408688.0,51774.68,86150.71,24643.98,7349.53,218713.03,9413.86,-4248.65,0.0,18144.27,411941.4
2025-05-12,425453.0,54160.73,88141.48,23146.1,7052.92,218713.03,10044.85,-10087.4,0.0,18293.0,409464.72
2025-05-19,360106.0,35066.93,86616.85,26518.06,5258.0,218713.03,10867.89,-7500.61,0.0,18441.72,393981.87
2025-05-26,392796.0,21690.54,87182.8,25200.45,6816.33,218713.03,11847.69,-5264.89,0.0,18590.44,384776.39
2025-06-02,383950.0,41161.75,85357.28,23644.36,5469.81,218713.03,12928.57,-4451.9,0.0,18739.17,401562.06
2025-06-09,424102.0,51934.15,84913.0,23872.47,5947.51,218713.03,14037.61,-7149.55,0.0,18887.89,411156.12
2025-06-16,417881.0,57638.11,89329.05,21818.45,7286.81,218713.03,15089.1,-7482.14,0.0,19036.61,421429.02
2025-06-23,413290.0,61003.56,86827.79,25338.91,6193.35,218713.03,15989.71,-6225.7,0.0,19185.34,427025.98
2025-06-30,358988.0,40390.44,34563.76,24659.42,5412.04,218713.03,16644.41,-7574.52,0.0,19334.06,352142.63
2025-07-07,311421.0,25426.57,23408.63,19701.12,5318.85,218713.03,16962.54,-6003.97,0.0,19482.79,323009.56
2025-07-14,296181.0,16090.51,20477.09,19425.7,4343.32,218713.03,16863.87,-7925.59,0.0,19631.51,307619.43
2025-07-21,281550.0,10134.1,19849.9,19800.91,4758.04,218713.03,16284.03,-5227.94,0.0,19780.23,304092.31
2025-07-28,305584.0,5680.01,23315.26,24537.69,5017.37,218713.03,15179.33,-6096.36,0.0,19928.96,306275.28
2025-08-04,327021.0,2875.97,20753.94,20466.24,4661.85,218713.03,13530.35,7244.07,9024.82,20077.68,317347.95
2025-08-11,335757.0,1111.56,56607.24,25753.75,4127.35,218713.03,11344.3,-9995.02,0.0,20226.4,327888.61
2025-08-18,324605.0,0.0,60585.1,25135.96,5663.36,218713.03,8655.82,-2844.4,0.0,20375.13,336283.99
2025-08-25,392679.0,39948.82,67767.0,30712.38,4941.13,218713.03,5526.38,-3287.85,0.0,20523.85,384844.74
2025-09-01,395891.0,60241.31,65792.5,28951.41,6743.82,218713.03,2042.04,-2012.93,0.0,20672.57,401143.76
2025-09-08,426718.0,70683.66,63898.22,29087.13,7573.82,218713.03,-1690.13,10366.69,9024.82,20821.3,428478.53
2025-09-15,407996.0,76390.95,57663.59,25483.76,5624.05,218713.03,-5546.9,-239.14,0.0,20970.02,399059.37
2025-09-22,407555.0,53707.41,50967.58,25391.42,6353.73,218713.03,-9394.59,13932.76,9024.82,21118.74,389814.9
2025-09-29,376724.0,35409.0,83272.45,30706.07,6222.73,218713.03,-13095.56,-1070.6,0.0,21267.47,381424.58
2025-10-06,422987.0,48979.77,86998.49,32278.09,4537.49,218713.03,-16514.91,16057.62,9024.82,21416.19,421490.57
2025-10-13,399532.0,56561.01,85224.28,30118.45,4420.9,218713.03,-19527.12,1811.82,0.0,21564.92,398887.27
2025-10-20,405526.0,60246.2,86446.84,27811.44,7129.96,218713.03,-22022.27,1479.23,0.0,21713.64,401518.07
2025-10-27,391564.0,62448.39,87006.4,24758.04,6220.6,218713.03,-23911.44,5008.35,0.0,21862.36,402105.73
2025-11-03,398998.0,41180.41,87155.94,26709.17,7176.0,218713.03,-25131.07,4269.26,0.0,22011.09,382083.83
2025-11-10,385455.0,25594.76,87333.73,27432.72,4711.44,218713.03,-25645.93,17572.74,9024.82,22159.81,386897.1
2025-11-17,359897.0,16199.46,84598.33,27828.22,6280.94,218713.03,-25450.69,2144.4,0.0,22308.53,352622.22
2025-11-24,341266.0,10203.36,88102.95,28294.03,7345.48,218713.03,-24569.85,3086.73,0.0,22457.26,353632.99
2025-12-01,374223.0,5718.99,82759.97,26438.7,7541.73,218713.03,-23056.12,21064.9,9024.82,22605.98,370811.98
2025-12-08,349844.0,2895.74,86851.5,27578.92,4568.39,218713.03,-20987.4,4066.02,0.0,22754.7,346440.91
2025-12-15,336587.0,1119.21,86507.39,28143.77,6020.18,218713.03,-18462.34,1867.25,0.0,22903.43,346811.91
2025-12-22,377350.0,0.0,87182.3,30190.47,5648.61,218713.03,-15595.05,2384.6,0.0,23052.15,351576.11
