period_type,period,channel,spend,contribution,contribution_5%,contribution_95%,roi,roi_5%,roi_95%,true_contribution
year,2023,tv,1555764.0,1902526.0485,1712690.151,2088441.3406,1.2229,1.1009,1.3424,2081434.0
year,2023,paid_search,906418.0,3764384.1432,3069746.2225,4574460.9958,4.153,3.3867,5.0467,3050853.0
year,2023,paid_social,998609.0,1747542.0347,1329081.6764,2211687.8801,1.75,1.3309,2.2148,1969666.0
year,2023,display,349293.0,229193.7597,140918.9993,307751.9895,0.6562,0.4034,0.8811,253309.0
year,2024,tv,1565777.0,1950857.0224,1757773.4807,2138522.2725,1.2459,1.1226,1.3658,2143676.0
year,2024,paid_search,1141619.0,4169716.4077,3512576.2444,4918030.2279,3.6525,3.0768,4.3079,3512032.0
year,2024,paid_social,499789.0,1041144.95,714077.5512,1506910.9317,2.0832,1.4288,3.0151,1115531.0
year,2024,display,510157.0,323831.9448,198368.1004,436247.4846,0.6348,0.3888,0.8551,344057.0
year,2025,tv,1479551.0,2021231.1516,1807839.7825,2233179.2299,1.3661,1.2219,1.5094,2216422.0
year,2025,paid_search,1003235.0,3837735.237,3205587.9119,4557799.1086,3.8254,3.1953,4.5431,3201191.0
year,2025,paid_social,638536.0,1288042.9044,909498.7715,1797036.6147,2.0172,1.4244,2.8143,1402363.0
year,2025,display,388645.0,253441.2118,155467.354,340867.0562,0.6521,0.4,0.8771,276301.0
quarter,2023 Q1,tv,291992.0,374159.6303,335153.7217,412829.7929,1.2814,1.1478,1.4138,410908.0
quarter,2023 Q1,paid_search,243348.0,1021337.7019,836410.6861,1231960.6608,4.197,3.4371,5.0625,831641.0
quarter,2023 Q1,paid_social,366788.0,552089.2674,434897.3801,663492.6089,1.5052,1.1857,1.8089,639389.0
quarter,2023 Q1,display,116259.0,74164.6348,45356.987,100047.8895,0.6379,0.3901,0.8606,82221.0
quarter,2023 Q2,tv,358012.0,422722.5158,383427.8373,461999.5282,1.1807,1.071,1.2905,466673.0
quarter,2023 Q2,paid_search,122411.0,670077.154,501436.934,871538.3167,5.474,4.0963,7.1198,496470.0
quarter,2023 Q2,paid_social,265563.0,473479.8052,360961.2237,596232.3774,1.7829,1.3592,2.2452,535192.0
quarter,2023 Q2,display,124442.0,80302.8828,49177.7327,108051.6636,0.6453,0.3952,0.8683,85457.0
quarter,2023 Q3,tv,375386.0,424824.1922,379369.4546,471300.3415,1.1317,1.0106,1.2555,458233.0
quarter,2023 Q3,paid_search,347216.0,1156465.8584,996759.9773,1333764.0307,3.3307,2.8707,3.8413,1003122.0
quarter,2023 Q3,paid_social,213173.0,407819.687,299666.5061,537276.4503,1.9131,1.4057,2.5204,453087.0
quarter,2023 Q3,display,101935.0,67657.1482,41620.3904,90855.2434,0.6637,0.4083,0.8913,77574.0
quarter,2023 Q4,tv,530374.0,680819.7103,612700.9444,747495.1885,1.2837,1.1552,1.4094,745620.0
quarter,2023 Q4,paid_search,193443.0,916503.4289,725504.517,1137030.4014,4.7378,3.7505,5.8779,719620.0
quarter,2023 Q4,paid_social,153085.0,314153.2751,221821.403,434813.4621,2.0521,1.449,2.8403,341998.0
quarter,2023 Q4,display,6657.0,7069.0939,3622.0628,12640.2009,1.0619,0.5441,1.8988,8057.0
quarter,2024 Q1,tv,186424.0,290754.9838,255039.6657,327675.2794,1.5596,1.3681,1.7577,314698.0
quarter,2024 Q1,paid_search,156622.0,741529.2685,584149.884,926636.3282,4.7345,3.7297,5.9164,578863.0
quarter,2024 Q1,paid_social,110452.0,236222.1631,159901.5897,346245.6475,2.1387,1.4477,3.1348,251533.0
quarter,2024 Q1,display,134999.0,82665.9144,50039.9062,112199.3641,0.6123,0.3707,0.8311,85718.0
quarter,2024 Q2,tv,536596.0,688824.627,620696.5354,755164.4633,1.2837,1.1567,1.4073,756089.0
quarter,2024 Q2,paid_search,331835.0,1113079.1161,955524.8709,1289638.418,3.3543,2.8795,3.8864,960673.0
quarter,2024 Q2,paid_social,103756.0,223170.7915,150158.4909,329194.7527,2.1509,1.4472,3.1728,236421.0
quarter,2024 Q2,display,122780.0,79444.4108,48539.1306,107072.6345,0.647,0.3953,0.8721,84363.0
quarter,2024 Q3,tv,638352.0,801621.3944,723029.7258,881162.7736,1.2558,1.1327,1.3804,891738.0
quarter,2024 Q3,paid_search,284434.0,1142455.5776,949377.6192,1361801.7661,4.0166,3.3378,4.7878,944825.0
quarter,2024 Q3,paid_social,120229.0,251445.7768,170400.8,369809.0181,2.0914,1.4173,3.0759,267922.0
quarter,2024 Q3,display,132598.0,84403.5334,51736.0586,113601.3055,0.6365,0.3902,0.8567,90336.0
quarter,2024 Q4,tv,204405.0,169656.0172,153352.1713,186304.7674,0.83,0.7502,0.9114,181151.0
quarter,2024 Q4,paid_search,368728.0,1172652.4455,1018761.1439,1343723.2405,3.1803,2.7629,3.6442,1027671.0
quarter,2024 Q4,paid_social,165352.0,330306.2186,233168.0941,461625.5604,1.9976,1.4101,2.7918,359655.0
quarter,2024 Q4,display,119780.0,77318.0862,47405.2278,104004.5195,0.6455,0.3958,0.8683,83640.0
quarter,2025 Q1,tv,562123.0,720713.0987,649710.4332,789609.7399,1.2821,1.1558,1.4047,790768.0
quarter,2025 Q1,paid_search,299418.0,1110823.3233,939533.7658,1303436.6922,3.7099,3.1379,4.3532,939439.0
quarter,2025 Q1,paid_social,145241.0,305998.9341,212240.2356,433827.2454,2.1068,1.4613,2.9869,330998.0
quarter,2025 Q1,display,43398.0,31115.2246,18963.0169,43005.3205,0.717,0.437,0.991,34127.0
quarter,2025 Q2,tv,396756.0,571670.8902,507264.9969,636612.4531,1.4409,1.2785,1.6045,621636.0
quarter,2025 Q2,paid_search,294841.0,1076385.294,913669.4794,1261016.7696,3.6507,3.0989,4.2769,913569.0
quarter,2025 Q2,paid_social,158363.0,319308.3903,223856.3234,450091.4479,2.0163,1.4136,2.8422,346252.0
quarter,2025 Q2,display,126139.0,79374.8573,48613.2467,107107.7213,0.6293,0.3854,0.8491,85226.0
quarter,2025 Q3,tv,304564.0,397699.8715,356654.3279,438010.9675,1.3058,1.171,1.4382,436824.0
quarter,2025 Q3,paid_search,123213.0,614358.5021,471143.4041,785470.0461,4.9862,3.8238,6.3749,466587.0
quarter,2025 Q3,paid_social,163476.0,325153.5452,230133.8499,453795.8442,1.989,1.4078,2.7759,354223.0
quarter,2025 Q3,display,108225.0,71349.4181,43841.4805,95773.3679,0.6593,0.4051,0.8849,80039.0
quarter,2025 Q4,tv,216108.0,331147.2912,290751.399,371800.9946,1.5323,1.3454,1.7204,367194.0
quarter,2025 Q4,paid_search,285763.0,1036168.1175,880377.5835,1210968.4374,3.626,3.0808,4.2377,881596.0
quarter,2025 Q4,paid_social,171456.0,337582.0347,242733.6806,459658.9295,1.9689,1.4157,2.6809,370890.0
quarter,2025 Q4,display,110883.0,71601.7118,43838.5777,96349.2855,0.6457,0.3954,0.8689,76909.0
quarter_of_year,Q1,tv,1040539.0,1385627.7128,1242323.4861,1527275.229,1.3316,1.1939,1.4678,1516374.0
quarter_of_year,Q1,paid_search,699388.0,2873690.2937,2365528.1681,3457404.3266,4.1089,3.3823,4.9435,2349943.0
quarter_of_year,Q1,paid_social,622481.0,1094310.3646,823135.0247,1413080.3611,1.758,1.3223,2.2701,1221920.0
quarter_of_year,Q1,display,294656.0,187945.7738,115362.4716,253023.7044,0.6378,0.3915,0.8587,202066.0
quarter_of_year,Q2,tv,1291364.0,1683218.033,1514238.5007,1849097.0969,1.3034,1.1726,1.4319,1844398.0
quarter_of_year,Q2,paid_search,749087.0,2859541.5641,2378313.716,3421869.2204,3.8174,3.1749,4.5681,2370712.0
quarter_of_year,Q2,paid_social,527682.0,1015958.9871,739918.3373,1365867.9696,1.9253,1.4022,2.5884,1117865.0
quarter_of_year,Q2,display,373361.0,239122.1508,146790.3274,322223.9214,0.6405,0.3932,0.863,255046.0
quarter_of_year,Q3,tv,1318302.0,1624145.4581,1463242.06,1780795.6011,1.232,1.1099,1.3508,1786795.0
quarter_of_year,Q3,paid_search,754863.0,2913279.9382,2423404.5783,3475257.5584,3.8593,3.2104,4.6038,2414534.0
quarter_of_year,Q3,paid_social,496878.0,984419.0089,701437.8685,1361415.3851,1.9812,1.4117,2.7399,1075232.0
quarter_of_year,Q3,display,342758.0,223410.0997,136982.748,299536.105,0.6518,0.3996,0.8739,247949.0
quarter_of_year,Q4,tv,950887.0,1181623.0187,1059148.6535,1302542.557,1.2427,1.1139,1.3698,1293965.0
quarter_of_year,Q4,paid_search,847934.0,3125323.9919,2630304.8464,3688073.6177,3.6858,3.102,4.3495,2628887.0
quarter_of_year,Q4,paid_social,489893.0,982041.5284,698756.7948,1356475.3526,2.0046,1.4263,2.7689,1072543.0
quarter_of_year,Q4,display,237320.0,155988.892,95656.9825,209906.6876,0.6573,0.4031,0.8845,168606.0
